k,seed,init_method,dist_mode,n_iter,converged,final_cost,init_cost,fit_time,predict_time,train_acc,test_acc,test_acc_clean,outlier_correct,n_outlier,n_empty,min_cluster,max_cluster,n_pure_clusters
2,1050,forgy,loop,25,1,4784063485.68028,4875053519.58357,0.0927323333333333,0.000313458333333333,0.213333333333333,0.2,0.201058201058201,2,11,0,539,961,0
2,1,forgy,loop,17,1,4785145900.56754,4956709919.58465,0.0519804166666667,0.00028425,0.213333333333333,0.2,0.201058201058201,2,11,0,520,980,0
2,2,forgy,loop,18,1,4784192870.77537,4839335107.49491,0.056739875,0.000249666666666667,0.213333333333333,0.2,0.201058201058201,2,11,0,562,938,0
2,3,forgy,loop,28,1,4784907485.92534,4959977942.14158,0.0853373333333333,0.000243416666666667,0.212666666666667,0.2,0.201058201058201,2,11,0,561,939,0
2,4,forgy,loop,41,1,4784674583.70005,4869450285.36768,0.124760666666667,0.000246208333333333,0.212666666666667,0.2,0.201058201058201,2,11,0,579,921,0
2,5,forgy,loop,23,1,4784580335.60625,4949252791.272,0.068729375,0.000241666666666667,0.212666666666667,0.2,0.201058201058201,2,11,0,584,916,0
2,6,forgy,loop,16,1,4784280397.88799,4927690139.81909,0.04903,0.000242625,0.213333333333333,0.2,0.201058201058201,2,11,0,577,923,0
2,7,forgy,loop,25,1,4784072254.38461,4832298500.25568,0.0722552083333333,0.000243791666666667,0.213333333333333,0.2,0.201058201058201,2,11,0,540,960,0
2,8,forgy,loop,31,1,4784072254.38461,4853228777.55193,0.092358,0.000237416666666667,0.213333333333333,0.2,0.201058201058201,2,11,0,540,960,0
2,9,forgy,loop,7,1,4839157501.0929,4944818004.14478,0.0208673333333333,0.000247375,0.202666666666667,0.195,0.19047619047619,3,11,0,514,986,0
5,1050,forgy,loop,28,1,4198664564.59272,4444159329.81608,0.148281666666667,0.000483166666666667,0.475333333333333,0.43,0.433862433862434,4,11,0,144,441,0
5,1,forgy,loop,50,0,4198817809.52874,4598883477.32014,0.265034416666667,0.000509666666666667,0.480666666666667,0.435,0.439153439153439,4,11,0,151,441,0
5,2,forgy,loop,19,1,4198934051.8488,4553961537.33275,0.101507791666667,0.00049425,0.477333333333333,0.435,0.439153439153439,4,11,0,149,450,0
5,3,forgy,loop,22,1,4199068414.44592,4593584971.76704,0.117509166666667,0.000562583333333333,0.476666666666667,0.435,0.439153439153439,4,11,0,149,447,0
5,4,forgy,loop,15,1,4265547251.74335,4569276686.12773,0.0808364583333333,0.000488291666666667,0.426666666666667,0.395,0.396825396825397,4,11,0,239,450,0
5,5,forgy,loop,12,1,4272384773.49698,4665616841.85226,0.0631547916666667,0.000564458333333333,0.406666666666667,0.385,0.391534391534392,3,11,0,185,456,0
5,6,forgy,loop,17,1,4199017071.09531,4564252399.62307,0.0902341666666667,0.000565666666666667,0.477333333333333,0.435,0.439153439153439,4,11,0,150,454,0
5,7,forgy,loop,15,1,4198927421.2754,4490715697.30092,0.079795875,0.000501375,0.477333333333333,0.435,0.439153439153439,4,11,0,151,449,0
5,8,forgy,loop,22,1,4198680424.22052,4558216562.64422,0.116828166666667,0.000505625,0.475333333333333,0.43,0.433862433862434,4,11,0,144,441,0
5,9,forgy,loop,37,1,4198608809.37458,4641910552.72735,0.195804208333333,0.000492333333333333,0.475333333333333,0.43,0.433862433862434,4,11,0,144,446,0
10,1050,forgy,loop,28,1,3777368821.57292,4192494983.34702,0.279161166666667,0.000934375,0.594,0.615,0.608465608465608,8,11,0,94,241,0
10,1,forgy,loop,35,1,3796897776.09794,4189861691.39244,0.355247041666667,0.0010095,0.556,0.53,0.534391534391534,5,11,0,105,179,0
10,2,forgy,loop,15,1,3809747807.0559,4137968825.25641,0.149586333333333,0.000932958333333333,0.596,0.575,0.576719576719577,6,11,0,83,237,0
10,3,forgy,loop,15,1,3816177088.64444,4321097953.83932,0.144600833333333,0.000925208333333333,0.59,0.57,0.560846560846561,8,11,0,99,211,0
10,4,forgy,loop,38,1,3783850957.49998,4194788810.02429,0.361708625,0.000946708333333333,0.533333333333333,0.54,0.53968253968254,6,11,0,90,218,0
10,5,forgy,loop,18,1,3769904167.73133,4292762377.05546,0.173919333333333,0.0010635,0.577333333333333,0.63,0.624338624338624,8,11,0,112,209,0
10,6,forgy,loop,43,1,3790637197.15619,4181688890.75618,0.423417625,0.000931458333333333,0.611333333333333,0.64,0.634920634920635,8,11,0,93,285,0
10,7,forgy,loop,18,1,3788899705.35056,4167598667.6736,0.173103958333333,0.000924166666666667,0.51,0.54,0.534391534391534,7,11,0,81,224,0
10,8,forgy,loop,22,1,3787083789.37904,4137719433.06368,0.209920833333333,0.00093825,0.564,0.6,0.592592592592593,8,11,0,122,226,0
10,9,forgy,loop,28,1,3795379705.42872,4180380198.71184,0.267908125,0.000922708333333333,0.572666666666667,0.56,0.555555555555556,7,11,0,96,235,0
15,1050,forgy,loop,20,1,3532234532.13611,3961213665.27915,0.282427833333333,0.00141266666666667,0.673333333333333,0.655,0.645502645502645,9,11,0,59,125,0
15,1,forgy,loop,25,1,3515583185.82548,3970775696.4822,0.355229791666667,0.00138075,0.667333333333333,0.695,0.687830687830688,9,11,0,50,139,0
15,2,forgy,loop,17,1,3527980243.81598,3902401641.80175,0.241120791666667,0.00139254166666667,0.654666666666667,0.64,0.634920634920635,8,11,0,46,155,0
15,3,forgy,loop,25,1,3545686507.64041,4061195430.42241,0.352592291666667,0.00139579166666667,0.687333333333333,0.73,0.73015873015873,8,11,0,59,167,0
15,4,forgy,loop,38,1,3554920182.0314,4015673986.8029,0.535190333333333,0.00137575,0.624,0.605,0.603174603174603,7,11,0,21,145,0
15,5,forgy,loop,40,1,3545042280.40856,4025028583.67795,0.569657791666667,0.00143033333333333,0.678666666666667,0.72,0.71957671957672,8,11,0,67,166,0
15,6,forgy,loop,28,1,3552687404.42983,3982645077.82016,0.388687041666667,0.00137916666666667,0.692,0.675,0.666666666666667,9,11,0,47,188,0
15,7,forgy,loop,17,1,3537287492.3989,3940988745.43353,0.238953666666667,0.00136433333333333,0.674,0.645,0.64021164021164,8,11,0,46,157,0
15,8,forgy,loop,34,1,3526633047.17692,3938402876.18425,0.488543041666667,0.001401625,0.675333333333333,0.645,0.634920634920635,9,11,0,56,138,0
15,9,forgy,loop,25,1,3533354557.94784,3954061404.30911,0.353080291666667,0.00139554166666667,0.636,0.625,0.619047619047619,8,11,0,46,143,0
20,1050,forgy,loop,29,1,3375695537.06956,3756913144.81364,0.550230333333333,0.00193408333333333,0.712,0.67,0.666666666666667,8,11,0,39,128,0
20,1,forgy,loop,26,1,3365979834.75018,3766283285.26673,0.490207916666667,0.001902,0.701333333333333,0.72,0.71957671957672,8,11,0,46,109,0
20,2,forgy,loop,21,1,3364192646.54965,3706686783.84293,0.391484166666667,0.00186933333333333,0.692666666666667,0.665,0.656084656084656,9,11,0,41,122,0
20,3,forgy,loop,24,1,3410639634.10941,3832109319.51974,0.447115125,0.0018855,0.706,0.7,0.708994708994709,6,11,0,17,194,0
20,4,forgy,loop,28,1,3369508466.25648,3903908672.48381,0.532967166666667,0.00185779166666667,0.693333333333333,0.685,0.677248677248677,9,11,0,22,113,0
20,5,forgy,loop,19,1,3375749863.81495,3837007965.40971,0.360802083333333,0.001895625,0.672,0.685,0.682539682539683,8,11,0,39,130,0
20,6,forgy,loop,17,1,3404495439.33427,3751861943.16038,0.315443375,0.001878125,0.716666666666667,0.695,0.693121693121693,8,11,0,26,153,0
20,7,forgy,loop,21,1,3380743784.36183,3771546795.43992,0.395308708333333,0.00193945833333333,0.702,0.68,0.677248677248677,8,11,0,41,130,0
20,8,forgy,loop,35,1,3362980051.07994,3773211445.02677,0.652331708333333,0.00198383333333333,0.724666666666667,0.7,0.698412698412698,8,11,0,51,126,1
20,9,forgy,loop,24,1,3370677251.84946,3765742216.31416,0.451969916666667,0.0018665,0.686666666666667,0.65,0.645502645502645,8,11,0,43,134,0
25,1050,forgy,loop,27,1,3249299461.74299,3632099020.54143,0.738658458333333,0.0027245,0.72,0.715,0.708994708994709,9,11,0,27,112,0
25,1,forgy,loop,22,1,3268992250.74354,3671729850.1427,0.605036333333333,0.00285041666666667,0.702,0.715,0.708994708994709,9,11,0,25,103,0
25,2,forgy,loop,16,1,3227919411.27804,3578523334.92655,0.460306666666667,0.00284225,0.725333333333333,0.73,0.724867724867725,9,11,0,36,86,1
25,3,forgy,loop,20,1,3264137249.7495,3627910696.11947,0.560878,0.002801,0.736666666666667,0.73,0.735449735449735,7,11,0,17,105,1
25,4,forgy,loop,26,1,3258770396.14799,3716665517.25305,0.719431666666667,0.00301195833333333,0.708,0.71,0.703703703703704,9,11,0,19,105,0
25,5,forgy,loop,12,1,3257036651.26403,3622045946.27413,0.330999791666667,0.00277766666666667,0.738,0.71,0.708994708994709,8,11,0,18,114,1
25,6,forgy,loop,21,1,3286065062.61298,3643364098.88617,0.586460708333333,0.00264341666666667,0.735333333333333,0.73,0.73015873015873,8,11,0,20,115,0
25,7,forgy,loop,21,1,3230002249.69503,3633798911.59087,0.584270333333333,0.00274816666666667,0.752,0.745,0.751322751322751,7,11,0,35,89,0
25,8,forgy,loop,36,1,3249607133.55487,3623622027.59986,1.00766329166667,0.00296533333333333,0.718,0.725,0.73015873015873,7,11,0,16,117,0
25,9,forgy,loop,20,1,3231617222.34827,3642538753.31038,0.555774833333333,0.002952375,0.741333333333333,0.745,0.751322751322751,7,11,0,22,89,1
30,1050,forgy,loop,20,1,3123665545.06027,3519279260.35499,0.497752458333333,0.00267775,0.746,0.705,0.71957671957672,5,11,0,21,91,0
30,1,forgy,loop,25,1,3152841635.16312,3554111666.21167,0.625032083333333,0.00303758333333333,0.721333333333333,0.7,0.698412698412698,8,11,0,17,86,0
30,2,forgy,loop,19,1,3122967179.89536,3506518660.71403,0.478116458333333,0.00260304166666667,0.749333333333333,0.745,0.746031746031746,8,11,0,17,84,2
30,3,forgy,loop,21,1,3141008026.79773,3542159396.96397,0.522696,0.00272408333333333,0.745333333333333,0.71,0.71957671957672,6,11,0,15,78,2
30,4,forgy,loop,18,1,3163624859.9065,3561696964.67579,0.442385958333333,0.002671125,0.725333333333333,0.725,0.724867724867725,8,11,0,18,81,0
30,5,forgy,loop,29,1,3146342750.75818,3530397992.54215,0.717854458333333,0.00252445833333333,0.721333333333333,0.7,0.703703703703704,7,11,0,17,84,0
30,6,forgy,loop,20,1,3168314309.70427,3558807498.17601,0.50033675,0.00283091666666667,0.720666666666667,0.665,0.661375661375661,8,11,0,20,96,0
30,7,forgy,loop,26,1,3132193420.12724,3552415083.66287,0.6497785,0.002588125,0.750666666666667,0.72,0.71957671957672,8,11,0,24,81,0
30,8,forgy,loop,30,1,3145684210.60948,3542784708.29577,0.742681041666667,0.0026695,0.716,0.685,0.693121693121693,6,11,0,16,106,1
30,9,forgy,loop,20,1,3147328855.38778,3515280561.02263,0.496233708333333,0.00281966666666667,0.739333333333333,0.72,0.714285714285714,9,11,0,21,102,1
40,1050,forgy,loop,23,1,2975393982.07052,3360751946.05713,0.792234791666667,0.00346566666666667,0.811333333333333,0.795,0.804232804232804,7,11,0,12,74,3
40,1,forgy,loop,16,1,2993849880.97671,3308852211.82747,0.549250541666667,0.00343170833333333,0.746666666666667,0.75,0.746031746031746,9,11,0,17,56,3
40,2,forgy,loop,17,1,3006996687.60575,3361270520.5485,0.581634208333333,0.00343908333333333,0.769333333333333,0.75,0.746031746031746,9,11,0,10,83,5
40,3,forgy,loop,17,1,3017620963.33854,3351787102.91851,0.58363325,0.003947125,0.768,0.705,0.708994708994709,7,11,0,11,70,5
40,4,forgy,loop,17,1,3009707597.03621,3360426010.0994,0.589378375,0.003593375,0.758666666666667,0.765,0.751322751322751,11,11,0,14,60,2
40,5,forgy,loop,22,1,3028012882.22315,3431059147.21708,0.75920225,0.003462125,0.738666666666667,0.72,0.714285714285714,9,11,0,14,83,2
40,6,forgy,loop,16,1,2989530408.88697,3372341744.13143,0.549469083333333,0.00357179166666667,0.767333333333333,0.75,0.751322751322751,8,11,0,13,89,1
40,7,forgy,loop,21,1,3014789596.69187,3406543170.16996,0.719763916666667,0.00343708333333333,0.753333333333333,0.71,0.724867724867725,5,11,0,2,70,2
40,8,forgy,loop,15,1,3003714867.41868,3365808988.92697,0.511451458333333,0.00351104166666667,0.764666666666667,0.75,0.740740740740741,10,11,0,14,103,3
40,9,forgy,loop,22,1,3005697541.23249,3340968921.78501,0.757067875,0.00365358333333333,0.748,0.74,0.735449735449735,9,11,0,16,64,1
50,1050,forgy,loop,27,1,2877641253.81266,3226684834.55301,1.25472991666667,0.00587766666666667,0.813333333333333,0.795,0.804232804232804,7,11,0,3,61,6
50,1,forgy,loop,15,1,2910748009.73045,3191270811.95221,0.694160208333333,0.00549854166666667,0.751333333333333,0.745,0.735449735449735,10,11,0,12,71,5
50,2,forgy,loop,17,1,2891410070.66169,3232618105.29137,0.785086791666667,0.00541116666666667,0.767333333333333,0.775,0.767195767195767,10,11,0,9,63,5
50,3,forgy,loop,22,1,2897293053.52998,3211567103.95216,1.019733625,0.00569720833333333,0.777333333333333,0.76,0.761904761904762,8,11,0,6,71,5
50,4,forgy,loop,15,1,2884469384.67255,3196020400.01335,0.697859875,0.00582466666666667,0.798,0.805,0.798941798941799,10,11,0,7,79,3
50,5,forgy,loop,18,1,2908526979.28672,3321797632.69865,0.835785833333333,0.0054685,0.768666666666667,0.715,0.714285714285714,8,11,0,5,60,3
50,6,forgy,loop,26,1,2882561045.52282,3213141842.06322,1.21636483333333,0.00541658333333333,0.790666666666667,0.75,0.751322751322751,8,11,0,2,72,6
50,7,forgy,loop,17,1,2919176694.87318,3266066705.77157,0.794500833333333,0.0058005,0.765333333333333,0.71,0.71957671957672,6,11,0,1,62,5
50,8,forgy,loop,17,1,2895116681.90171,3232740001.50791,0.782619375,0.00550404166666667,0.773333333333333,0.785,0.777777777777778,10,11,0,6,54,4
50,9,forgy,loop,16,1,2921697320.63209,3218280070.08409,0.743693666666667,0.00550370833333333,0.772666666666667,0.73,0.724867724867725,9,11,0,4,63,3
60,1050,forgy,loop,16,1,2803030885.69196,3124474322.27787,0.811313708333333,0.00515533333333333,0.801333333333333,0.775,0.777777777777778,8,11,0,2,52,6
60,1,forgy,loop,20,1,2807305825.34707,3084170071.28369,1.01846845833333,0.00505075,0.768,0.755,0.761904761904762,7,11,0,6,55,8
60,2,forgy,loop,15,1,2776088362.89032,3088188318.63584,0.76043925,0.00502641666666667,0.789333333333333,0.775,0.772486772486772,9,11,0,8,55,11
60,3,forgy,loop,13,1,2823262465.20876,3126256062.20898,0.658764,0.00533041666666667,0.806666666666667,0.77,0.767195767195767,9,11,0,3,73,7
60,4,forgy,loop,11,1,2802254054.5424,3088672143.49535,0.543244208333333,0.00500391666666667,0.786666666666667,0.72,0.714285714285714,9,11,0,5,63,9
60,5,forgy,loop,19,1,2821531316.64817,3190558816.60392,0.965200416666667,0.005231625,0.786666666666667,0.76,0.756613756613757,9,11,0,8,59,5
60,6,forgy,loop,17,1,2793818649.92825,3105370760.33251,0.8574875,0.00505854166666667,0.798666666666667,0.735,0.73015873015873,9,11,0,2,71,10
60,7,forgy,loop,19,1,2829348104.28859,3119461012.70943,0.968324708333333,0.005284375,0.769333333333333,0.75,0.761904761904762,6,11,0,1,52,9
60,8,forgy,loop,13,1,2797460040.59007,3125305132.14706,0.666357708333333,0.00516370833333333,0.799333333333333,0.8,0.798941798941799,9,11,0,5,53,8
60,9,forgy,loop,18,1,2792946472.73493,3126202812.89504,0.920456541666667,0.00684925,0.78,0.75,0.756613756613757,7,11,0,1,49,9
75,1050,forgy,loop,12,1,2682351398.04389,2955473528.7697,0.726198375,0.006608,0.816666666666667,0.765,0.772486772486772,7,11,0,1,48,15
75,1,forgy,loop,15,1,2684962596.10755,2949919435.47467,0.909305916666667,0.00665570833333333,0.779333333333333,0.775,0.772486772486772,9,11,0,2,49,14
75,2,forgy,loop,12,1,2678586058.67511,2925330698.05832,0.726399916666667,0.00664983333333333,0.798,0.755,0.746031746031746,10,11,0,4,43,15
75,3,forgy,loop,12,1,2683810599.26116,2982140932.89196,0.729965791666667,0.006977875,0.807333333333333,0.805,0.80952380952381,8,11,0,3,43,12
75,4,forgy,loop,33,1,2683495765.24463,2920379860.71074,2.008613625,0.00677383333333333,0.810666666666667,0.745,0.746031746031746,8,11,0,2,50,14
75,5,forgy,loop,16,1,2682253628.15843,2998928486.07226,0.975230791666667,0.00689854166666667,0.807333333333333,0.745,0.746031746031746,8,11,0,2,49,13
75,6,forgy,loop,15,1,2683688876.17769,2981793906.68808,0.910142833333333,0.00657145833333333,0.83,0.805,0.804232804232804,9,11,0,1,47,15
75,7,forgy,loop,11,1,2717473461.08091,2958016732.70613,0.668085083333333,0.00666179166666667,0.788666666666667,0.765,0.772486772486772,7,11,0,1,54,11
75,8,forgy,loop,11,1,2680730353.77367,2954906802.2623,0.671853083333333,0.00663295833333333,0.819333333333333,0.805,0.804232804232804,9,11,0,5,41,10
75,9,forgy,loop,28,1,2683370378.91708,2985775172.9609,1.70157133333333,0.00677966666666667,0.802666666666667,0.77,0.772486772486772,8,11,0,1,42,16
100,1050,forgy,loop,11,1,2525471563.23413,2779793146.20059,0.94258125,0.00969354166666667,0.827333333333333,0.8,0.798941798941799,9,11,0,1,35,27
100,1,forgy,loop,11,1,2538892586.54479,2749553721.97843,0.942020833333333,0.00953454166666667,0.786666666666667,0.78,0.777777777777778,9,11,0,2,36,26
100,2,forgy,loop,15,1,2545356757.85009,2745760017.80437,1.28144241666667,0.009655875,0.804666666666667,0.775,0.767195767195767,10,11,0,1,41,26
100,3,forgy,loop,12,1,2549412805.47491,2771010525.97548,1.02823975,0.00949733333333333,0.798666666666667,0.815,0.82010582010582,8,11,0,2,37,24
100,4,forgy,loop,15,1,2548021415.97266,2728959857.47221,1.28350133333333,0.009921375,0.812666666666667,0.805,0.804232804232804,9,11,0,2,33,27
100,5,forgy,loop,19,1,2531547379.97795,2768768830.83819,1.63369025,0.00954,0.819333333333333,0.8,0.798941798941799,9,11,0,2,36,29
100,6,forgy,loop,12,1,2523734587.20216,2806901883.9086,1.02771520833333,0.00975795833333333,0.835333333333333,0.79,0.788359788359788,9,11,0,1,43,27
100,7,forgy,loop,13,1,2528828995.50165,2778771531.00564,1.1192125,0.00957133333333333,0.817333333333333,0.785,0.783068783068783,9,11,0,1,37,28
100,8,forgy,loop,13,1,2524833874.00022,2775280531.86109,1.11659270833333,0.009836,0.826666666666667,0.805,0.804232804232804,9,11,0,1,37,27
100,9,forgy,loop,11,1,2551513993.99065,2765799054.55824,0.943964041666667,0.00944479166666667,0.791333333333333,0.75,0.751322751322751,8,11,0,1,31,25
125,1050,forgy,loop,10,1,2417331203.35925,2623508145.4409,1.01561316666667,0.0110458333333333,0.835333333333333,0.81,0.798941798941799,11,11,0,1,32,48
125,1,forgy,loop,11,1,2415030231.91079,2604924191.53034,1.11680591666667,0.0113374583333333,0.797333333333333,0.77,0.772486772486772,8,11,0,1,37,37
125,2,forgy,loop,11,1,2424103266.39467,2621134501.17797,1.11665325,0.010758875,0.828666666666667,0.79,0.788359788359788,9,11,0,1,33,48
125,3,forgy,loop,12,1,2430473098.5222,2601896358.77766,1.20840420833333,0.0113495416666667,0.821333333333333,0.825,0.825396825396825,9,11,0,1,31,38
125,4,forgy,loop,11,1,2423865805.92341,2589706050.08952,1.11816658333333,0.01109475,0.813333333333333,0.79,0.788359788359788,9,11,0,2,30,36
125,5,forgy,loop,17,1,2418107441.01606,2606198950.33378,1.750519125,0.01123325,0.820666666666667,0.785,0.783068783068783,9,11,0,2,32,41
125,6,forgy,loop,10,1,2417318433.70164,2630616213.03961,1.034206875,0.0115525,0.842666666666667,0.835,0.830687830687831,10,11,0,1,34,49
125,7,forgy,loop,14,1,2425181598.81675,2634604612.62558,1.44859466666667,0.011500875,0.836,0.765,0.761904761904762,9,11,0,1,32,40
125,8,forgy,loop,12,1,2417654419.23973,2627772216.49005,1.248820625,0.011313625,0.814666666666667,0.78,0.777777777777778,9,11,0,1,26,37
125,9,forgy,loop,15,1,2434499474.57328,2626557942.69411,1.556056625,0.011136625,0.809333333333333,0.77,0.772486772486772,8,11,0,1,29,31
150,1050,forgy,loop,10,1,2307812498.76698,2473866198.24796,1.21673041666667,0.01369025,0.832,0.79,0.777777777777778,11,11,0,1,30,60
150,1,forgy,loop,11,1,2307485232.31593,2480186187.95897,1.33864329166667,0.0138937916666667,0.816,0.81,0.814814814814815,8,11,0,1,29,56
150,2,forgy,loop,10,1,2327386788.58424,2501781479.35508,1.21984104166667,0.0139277083333333,0.832666666666667,0.815,0.814814814814815,9,11,0,1,32,54
150,3,forgy,loop,10,1,2317794182.43202,2456770595.38357,1.21758525,0.0133735833333333,0.818666666666667,0.81,0.80952380952381,9,11,0,1,32,52
150,4,forgy,loop,11,1,2328366686.5974,2463423496.0378,1.33426533333333,0.0135282083333333,0.824,0.82,0.82010582010582,9,11,0,1,27,56
150,5,forgy,loop,10,1,2331048295.60825,2491993242.71205,1.21593858333333,0.0133660833333333,0.816,0.79,0.788359788359788,9,11,0,1,30,59
150,6,forgy,loop,9,1,2308151867.60892,2490454601.20739,1.09755425,0.0142008333333333,0.850666666666667,0.84,0.841269841269841,9,11,0,1,34,64
150,7,forgy,loop,18,1,2309368523.02247,2486250383.70742,2.19443558333333,0.0136302083333333,0.840666666666667,0.79,0.793650793650794,8,11,0,1,27,53
150,8,forgy,loop,9,1,2322642375.75858,2488291429.55523,1.09551195833333,0.0138840416666667,0.820666666666667,0.805,0.793650793650794,11,11,0,1,28,58
150,9,forgy,loop,12,1,2328719174.72894,2486698330.17519,1.45769058333333,0.013649,0.818,0.81,0.80952380952381,9,11,0,1,31,49
